{"count":1,"self":395.7690368,"total":2611.003961,"children":{"InitializeActuators":{"count":1,"self":0.0028109999999999997,"total":0.0028109999999999997,"children":null},"InitializeSensors":{"count":1,"self":0.007855,"total":0.007855,"children":null},"AgentSendState":{"count":232717,"self":4.5947499999999994,"total":475.77065799999997,"children":{"GridSensor.Update":{"count":232717,"self":422.1316864,"total":422.13167799999997,"children":null},"CollectObservations":{"count":232717,"self":0.434152,"total":0.434152,"children":null},"WriteActionMask":{"count":232717,"self":0.68047799999999992,"total":0.68047799999999992,"children":null},"RequestDecision":{"count":232717,"self":2.426282,"total":47.9296,"children":{"AgentInfo.ToProto":{"count":232717,"self":2.296682,"total":45.503318,"children":{"GenerateSensorData":{"count":232717,"self":10.1562792,"total":43.206635999999996,"children":{"GridSensor.GetCompressedObservation":{"count":232717,"self":33.0503584,"total":33.050357,"children":null}}}}}}}}},"DecideAction":{"count":232717,"self":1518.0549119999998,"total":1518.054932,"children":null},"AgentAct":{"count":232717,"self":132.752128,"total":221.395142,"children":{"GridSensor.Update":{"count":40985,"self":80.8674368,"total":80.867435,"children":null},"AgentInfo.ToProto":{"count":40985,"self":0.338539,"total":7.775576,"children":{"GenerateSensorData":{"count":40985,"self":1.623103,"total":7.4370369999999992,"children":{"GridSensor.GetCompressedObservation":{"count":40985,"self":5.813934,"total":5.813934,"children":null}}}}}}}},"gauges":{"Builder.CumulativeReward":{"count":40985,"max":-0.6152109,"min":-1.03,"runningAverage":-0.9987084,"value":-0.993000031,"weightedAverage":-0.9953259}},"metadata":{"timer_format_version":"0.1.0","start_time_seconds":"1648730368","unity_version":"2020.3.30f1","command_line_arguments":"\/home\/lmsh\/Unity\/Hub\/Editor\/2020.3.30f1\/Editor\/Unity -projectpath \/home\/lmsh\/UnityProjects\/BuilderEnv -useHub -hubIPC -cloudEnvironment production -hubSessionId 07ac7fb0-b0b4-11ec-ba1a-933e8d7583be -accessToken 1T7FQwRnnv889_AlT3vUFys38lG6qXRokZWuzqFtg7s005f","communication_protocol_version":"1.5.0","com.unity.ml-agents_version":"2.2.1-exp.1","scene_name":"SampleScene","end_time_seconds":"1648732979"}}