{"count":1,"self":5104.2942975999995,"total":28111.992792999998,"children":{"InitializeActuators":{"count":1,"self":0.002962,"total":0.002962,"children":null},"InitializeSensors":{"count":1,"self":0.009153,"total":0.009153,"children":null},"AgentSendState":{"count":3000051,"self":60.185491199999994,"total":2260.15456,"children":{"GridSensor.Update":{"count":3000051,"self":1572.2184704,"total":1572.218461,"children":null},"CollectObservations":{"count":3000051,"self":11.649588,"total":11.649588,"children":null},"WriteActionMask":{"count":3000051,"self":8.6746608,"total":8.674661,"children":null},"RequestDecision":{"count":3000051,"self":34.055808,"total":607.42635799999994,"children":{"AgentInfo.ToProto":{"count":3000051,"self":31.822003199999997,"total":573.370551,"children":{"GenerateSensorData":{"count":3000051,"self":190.4279296,"total":541.548547,"children":{"GridSensor.GetCompressedObservation":{"count":3000051,"self":351.12061439999997,"total":351.120616,"children":null}}}}}}}}},"DecideAction":{"count":3000051,"self":20368.968908799998,"total":20368.968383,"children":null},"AgentAct":{"count":3000051,"self":330.03110399999997,"total":378.560076,"children":{"GridSensor.Update":{"count":65132,"self":36.287718399999996,"total":36.287717,"children":null},"AgentInfo.ToProto":{"count":65132,"self":0.545876,"total":12.241261,"children":{"GenerateSensorData":{"count":65132,"self":3.8669499999999997,"total":11.695385,"children":{"GridSensor.GetCompressedObservation":{"count":65132,"self":7.8284351999999995,"total":7.828435,"children":null}}}}}}}},"gauges":{"Builder.CumulativeReward":{"count":65132,"max":8.39357,"min":0,"runningAverage":2.90180063,"value":5.709751,"weightedAverage":4.094312}},"metadata":{"timer_format_version":"0.1.0","start_time_seconds":"1648919470","unity_version":"2020.3.30f1","command_line_arguments":"\/home\/lmsh\/Unity\/Hub\/Editor\/2020.3.30f1\/Editor\/Unity -projectpath \/home\/lmsh\/UnityProjects\/BuilderEnv -useHub -hubIPC -cloudEnvironment production -hubSessionId f578a440-b243-11ec-921f-57f46bd0b922 -accessToken pVk3chHEBRCmIY7z4S17NnrM0KZktDxISKAEnflwW8s005f","communication_protocol_version":"1.5.0","com.unity.ml-agents_version":"2.2.1-exp.1","scene_name":"SampleScene","end_time_seconds":"1648947582"}}