{"count":1,"self":4243.2823296,"total":20604.588263999998,"children":{"InitializeActuators":{"count":1,"self":0.00274,"total":0.00274,"children":null},"InitializeSensors":{"count":1,"self":0.008876,"total":0.008876,"children":null},"AgentSendState":{"count":1420267,"self":31.9117152,"total":3923.553207,"children":{"GridSensor.Update":{"count":1420267,"self":3413.5261183999996,"total":3413.526109,"children":null},"CollectObservations":{"count":1420267,"self":5.4459399999999993,"total":5.4459399999999993,"children":null},"WriteActionMask":{"count":1420267,"self":4.3876952,"total":4.387695,"children":null},"RequestDecision":{"count":1420267,"self":16.7334016,"total":468.281749,"children":{"AgentInfo.ToProto":{"count":1420267,"self":15.5914016,"total":451.548348,"children":{"GenerateSensorData":{"count":1420267,"self":93.55489279999999,"total":435.95694599999996,"children":{"GridSensor.GetCompressedObservation":{"count":1420267,"self":342.402048,"total":342.40205199999997,"children":null}}}}}}}}},"DecideAction":{"count":1420267,"self":11880.607743999999,"total":11880.607606,"children":null},"AgentAct":{"count":1420267,"self":261.18184959999996,"total":557.13065399999994,"children":{"GridSensor.Update":{"count":106125,"self":263.400448,"total":263.400451,"children":null},"AgentInfo.ToProto":{"count":106125,"self":1.009844,"total":32.548365,"children":{"GenerateSensorData":{"count":106125,"self":6.5959512,"total":31.538521,"children":{"GridSensor.GetCompressedObservation":{"count":106125,"self":24.9425696,"total":24.94257,"children":null}}}}}}}},"gauges":{"Builder.CumulativeReward":{"count":106125,"max":5.562409,"min":0,"runningAverage":0.382990479,"value":2.41559076,"weightedAverage":0.9817953}},"metadata":{"timer_format_version":"0.1.0","start_time_seconds":"1649033090","unity_version":"2020.3.30f1","command_line_arguments":"\/home\/lmsh\/Unity\/Hub\/Editor\/2020.3.30f1\/Editor\/Unity -projectpath \/home\/lmsh\/UnityProjects\/BuilderEnv -useHub -hubIPC -cloudEnvironment production -hubSessionId 81163f10-b3a4-11ec-9c6e-dbf8be34d934 -accessToken t7ahGBpkCVhexxvOD75bNBoCLrtTygJNif8uBsf5CMg005f","communication_protocol_version":"1.5.0","com.unity.ml-agents_version":"2.2.1-exp.1","scene_name":"SampleScene","end_time_seconds":"1649053695"}}