{"count":1,"self":548.41169919999993,"total":2168.6374419999997,"children":{"InitializeActuators":{"count":1,"self":0.0032849999999999997,"total":0.0032849999999999997,"children":null},"InitializeSensors":{"count":1,"self":0.009711,"total":0.009711,"children":null},"AgentSendState":{"count":205284,"self":4.2030208,"total":135.76931399999998,"children":{"GridSensor.Update":{"count":205284,"self":87.0187392,"total":87.018737,"children":null},"CollectObservations":{"count":205284,"self":0.860228,"total":0.860228,"children":null},"WriteActionMask":{"count":205284,"self":0.63981999999999994,"total":0.63981999999999994,"children":null},"RequestDecision":{"count":205284,"self":2.362514,"total":43.047508,"children":{"AgentInfo.ToProto":{"count":205284,"self":2.1980939999999998,"total":40.684993999999996,"children":{"GenerateSensorData":{"count":205284,"self":13.426468799999999,"total":38.4869,"children":{"GridSensor.GetCompressedObservation":{"count":205284,"self":25.060430399999998,"total":25.060430999999998,"children":null}}}}}}}}},"DecideAction":{"count":205284,"self":1453.6483839999999,"total":1453.648408,"children":null},"AgentAct":{"count":205284,"self":24.0097296,"total":30.789296,"children":{"GridSensor.Update":{"count":10843,"self":4.7135327999999994,"total":4.713533,"children":null},"AgentInfo.ToProto":{"count":10843,"self":0.10151099999999999,"total":2.066033,"children":{"GenerateSensorData":{"count":10843,"self":0.694892,"total":1.9645219999999999,"children":{"GridSensor.GetCompressedObservation":{"count":10843,"self":1.26963,"total":1.26963,"children":null}}}}}}}},"gauges":{"Builder.CumulativeReward":{"count":10843,"max":2.94181252,"min":0,"runningAverage":0.758442342,"value":2.40543962,"weightedAverage":2.40543938}},"metadata":{"timer_format_version":"0.1.0","start_time_seconds":"1648911969","unity_version":"2020.3.30f1","command_line_arguments":"\/home\/lmsh\/Unity\/Hub\/Editor\/2020.3.30f1\/Editor\/Unity -projectpath \/home\/lmsh\/UnityProjects\/BuilderEnv -useHub -hubIPC -cloudEnvironment production -hubSessionId f578a440-b243-11ec-921f-57f46bd0b922 -accessToken Y7XIlrMEkIXvsYCPB4Rzf3-HWu-hKiOt__9ab0YFPfA005f","communication_protocol_version":"1.5.0","com.unity.ml-agents_version":"2.2.1-exp.1","scene_name":"SampleScene","end_time_seconds":"1648914138"}}